,mle_fix15_phi,mle_fix15_sigma2,mle_fix15_tau2,mle_fix15_loglik,mh_fix15_phi,mh_fix15_sigma2,mh_fix15_tau2,mle_fix10_phi,mle_fix10_sigma2,mle_fix10_tau2,mle_fix10_loglik,mh_fix10_phi,mh_fix10_sigma2,mh_fix10_tau2,rmse_kf_true,rmse_mle_fix15,rmse_mh_fix15,rmse_mle_fix10,rmse_mh_fix10,rmse_obs_kf_true,rmse_obs_mle_fix15,rmse_obs_mh_fix15,rmse_obs_mle_fix10,rmse_obs_mh_fix10,rmse_pred_kf_true,rmse_pred_mle_fix15,rmse_pred_mh_fix15,rmse_pred_mle_fix10,rmse_pred_mh_fix10,rmse_sig_mle_fix10,rmse_sig_mh_fix10
0,0.8940782376396136,1.094974779780261,0.2868113216820614,-981.2845493971928,0.8814065731814397,1.291778493524831,0.0507047081163104,0.894078794336768,2.4637034595972396,0.2868026956766658,-981.284549393724,0.8799555486481578,2.928006540105589,0.0367936035430033,0.4108469610723032,0.4166627562214063,0.4412143689127871,1.2673322425796725,1.3413973295974886,0.2787317403883024,0.1667515311986718,0.0291631625460636,0.1667467260765366,0.0211883337618168,1.723911960494208,1.7211614774874726,1.7247868749272537,1.7211614645377686,1.725200766400923,0.6249949404195343,0.66475024939996
1,0.9170126409257044,0.9974723174192808,0.5577153828638542,-1000.1690597331736,0.9185719674603838,1.0398120934013046,0.5180147393979946,0.9170126313082074,2.2443139412639943,0.557714531777068,-1000.1690597332084,0.9179004383788356,2.3669534079863745,0.5009567870795403,0.4426736761223224,0.4432921451616102,0.4429377398520516,1.3219033150896788,1.3373666875675805,0.2892463079779078,0.3122921366672939,0.2868928148220331,0.3122916698494155,0.277466725901598,1.789175287470152,1.7876660147718977,1.7877682638166077,1.7876660138715894,1.787865619336652,0.6649381977644842,0.6644256812817861
2,0.9137798650997188,0.9329086153576486,0.6348143976290134,-997.6365221742432,0.915228317753652,0.9703303452233654,0.6005304177580087,0.9137793777099448,2.099050920603398,0.6348060611017003,-997.6365221735884,0.9158405166419156,2.1787727672391286,0.6045271071689254,0.4297303196558872,0.4352641265540216,0.4328645088642681,1.2256139774113752,1.2356175898631785,0.2877817886164211,0.3572337208327671,0.3342778243930852,0.3572297816787046,0.3362658104269495,1.780119827467133,1.7787996442172762,1.7788944540369838,1.7787996434628346,1.778886251018455,0.6528954980682821,0.6495779649232639
3,0.9111899217102788,1.0843989574281068,0.2626906997200151,-976.5398897823932,0.9024242220861588,1.2490024889149631,0.0670703123951915,0.9111882263320392,2.4399108388236037,0.2626809064239672,-976.539889783326,0.900203902731676,2.8899912455730763,0.0248858053684272,0.4364386212404202,0.4408359636659585,0.4581417916897868,1.3418438591252355,1.407726260644932,0.2762627118445315,0.1540629566660429,0.0389991307085606,0.1540574276470141,0.0144604568795349,1.7079899718278109,1.702589945523581,1.705371396986003,1.7025899387532084,1.7066476595711595,0.6612547153391506,0.6950691376550141
4,0.926066236846051,0.8263116364318573,0.6439293158981407,-979.3626994243896,0.9280660729052126,0.8483614245769043,0.6260514775389375,0.9260662177477248,1.8592019050265076,0.6439280551304016,-979.3626994244617,0.9280528805720496,1.9154605454200255,0.6222773840508347,0.4352815327995414,0.4416160556939077,0.4403251737826512,1.2532235397195997,1.2609203445612152,0.2776580151176722,0.3756691350798194,0.3620615768846446,0.375668554734289,0.3597593859284337,1.7169983010311805,1.7133302646509003,1.713413458388049,1.7133302644941522,1.713434764249455,0.662423988304432,0.6601655547824383
5,0.8601584521518069,0.8416548822860687,0.4508948767825931,-950.8892662825684,0.8588191723966151,0.8805059403811276,0.4127308771011923,0.860159233387688,1.8937189917057295,0.4508922321861384,-950.8892662802414,0.8536486919234502,2.0581605965643273,0.3642009357261996,0.4137151303804892,0.4132456678087163,0.4135221206857343,0.9708956347203024,0.9986758282875254,0.2625815806462348,0.2782963150203093,0.2518703831842949,0.2782955416143646,0.2222715395078439,1.6237771106607195,1.6185914375271686,1.6187263005782593,1.6185914393289982,1.619092527528252,0.6198685019517869,0.6220811741427086
6,0.887516986691624,1.0493447954667767,0.4742404222088017,-997.1864462341658,0.8815259121520107,1.1629568350563408,0.3408570786358003,0.8875165150090514,2.3610573216112467,0.47422577799867,-997.18644622972,0.8713127216363852,2.872572101778002,0.1940549466544677,0.4270600279450971,0.4276493462973514,0.4338941615812254,1.1896518662068096,1.2695602329658546,0.2873704730193817,0.267051325557634,0.1895412268498499,0.2670423465788398,0.1077038219565882,1.7773770865504743,1.77700430752008,1.7778673326642922,1.777004300766505,1.7805426175794252,0.6414745679286266,0.6702971967895333
7,0.8464195298480803,0.9814598953617506,0.3766807015182318,-969.0805988722004,0.8234815163085005,1.1691238984191918,0.1320731243493228,0.84641929974312,2.208295941454874,0.376678358082754,-969.0805988710424,0.8258210929904322,2.594914052038724,0.1539973684907216,0.4427569184125933,0.4434998963269698,0.4609578971537747,1.0356162671761913,1.1087113538530915,0.2727065081915837,0.2243477665587678,0.0779926953308014,0.2243457680355502,0.0909053015514411,1.6867439364844423,1.6804976010042636,1.6834733528363215,1.680497600181745,1.68298579896122,0.6652499906212145,0.6879269375945986
8,0.9359170562784138,0.9004308438536708,0.522702642182389,-978.6547700114436,0.9377438274628072,0.9488103392280278,0.472359156565437,0.9359173626788808,2.0259659534464496,0.5227095102398309,-978.6547700118656,0.9375006557256904,2.1344114362545716,0.4734913550269882,0.4371043514583013,0.4388195540652961,0.4374347609270588,1.3948648231680891,1.407838799297811,0.2779805712372218,0.3055674983273045,0.2732342572797912,0.305570703027889,0.2737714218572086,1.7192184474849024,1.711451141420091,1.7116874214837126,1.7114511405157118,1.711671184365836,0.658229633297699,0.6561665088021233
9,0.8974225771583156,1.1274040503516929,0.4242833577619158,-1005.4737378397552,0.8958563639908886,1.2003817804810046,0.3428081598118112,0.8974226982395779,2.536653229695926,0.4242877274446712,-1005.4737378389764,0.8970445863017391,2.6948096925026075,0.3479356727814311,0.4436170017707,0.444608095842095,0.4479601010340203,1.2922556069607614,1.3135458207551616,0.2921546954472374,0.2349883115832771,0.1880610082376861,0.2349906463983148,0.1906962051851517,1.8068655766394024,1.8061847471394965,1.8065977039846517,1.8061847483509537,1.8065749187258895,0.6669119784215567,0.6715768741923339
10,0.923506748059207,0.8554982195261375,0.5513311738987582,-972.5865293942468,0.9248109221106258,0.8948533299618034,0.5121984185904482,0.9235071198810196,1.9248741746704463,0.5513257538954341,-972.5865293932468,0.9239054747315364,2.0283806702086644,0.5047794041295343,0.4196684822627868,0.4217190524844631,0.4202981154433308,1.249803393953668,1.2626417989339247,0.273778786474372,0.326098646372935,0.299800629339174,0.3260960019726416,0.2951782846377395,1.6931616204545985,1.6906858734102337,1.690851249326648,1.6906858676139325,1.6908870065999846,0.6325783082089975,0.6301835407858855
11,0.8735637026307829,1.0096949135991289,0.3063315501987068,-966.276839292634,0.8628993545974611,1.1325175628820514,0.1589335551702941,0.8735642662528957,2.2718048782261073,0.3063374122128673,-966.27683929214,0.8499207247635937,2.8014698321026046,0.0122800463580895,0.4157770056249791,0.4244928018284968,0.4412334195905764,1.1433749345533442,1.2433958955474094,0.2704403203132167,0.1834927347848759,0.0941771158478331,0.1834961832909553,0.0072829653323368,1.672652396291381,1.6705266402708057,1.671859682762702,1.6705266392982852,1.6755786060077371,0.6367384536288799,0.696268561789979
12,0.8927737563059409,0.9354834719071256,0.469838912150426,-975.2997791927468,0.8793439736365367,1.101751237874453,0.2665201739875421,0.8927723961569631,2.1048264913075476,0.4698375480207732,-975.2997791919248,0.8801775286076141,2.4605735891120237,0.2759777250332296,0.4505916051227048,0.450584169011102,0.4552282423037547,1.1494885030429822,1.2016043931991416,0.2750509545416947,0.2764464125244546,0.1546698906686928,0.2764470184570045,0.1602787400440886,1.7012288895908363,1.701109286404351,1.703696032729566,1.7011093051531367,1.7034654193817178,0.6758762654415486,0.6820439554685558
13,0.9163741014955212,0.9421085292783952,0.7329809441597573,-1011.1599952121794,0.9160868326600112,0.9948705230437828,0.6791895394922086,0.9163740333402915,2.1197483857958095,0.7329797849234648,-1011.159995212306,0.9161179122673712,2.2402857925509694,0.6755450849205669,0.4300216607858632,0.4340599669873686,0.4313366497495001,1.2197419298618422,1.234736664560596,0.2955868351327687,0.4012141861504512,0.3674067210508261,0.4012132481519868,0.3658456167252967,1.8278686936572113,1.8258832629269783,1.8261047807268875,1.8258832628386317,1.8261272769369643,0.6510898155802911,0.6468580540506227
14,0.9276413643716184,1.0231964222102743,0.4780870325028876,-995.4874280791568,0.9289136165557828,1.0809274313769772,0.4203079836389323,0.9276416943134228,2.3021835786016127,0.4780939853258302,-995.4874280784514,0.9300717572371412,2.402271505387098,0.4365198923798277,0.4578478664706187,0.4569378076870258,0.4580514881684451,1.407939959742857,1.4203752794218245,0.2871841691946455,0.2702508952780664,0.2347714358810607,0.2702545620083456,0.2440133625008516,1.7763636441259,1.770550882747184,1.7708284853420708,1.770550883889538,1.7707203010068275,0.6854066126868402,0.6864209392330632
15,0.8859966211160608,0.8975524407702923,0.7133616115175038,-998.2350739544694,0.8865936643172281,0.9319184085130612,0.6812943980278503,0.8859966496135437,2.0194909440469706,0.7133631818970255,-998.2350739543382,0.8870745004723107,2.0947228439782375,0.6820830486314914,0.4148851006105817,0.4247363726760592,0.4217713087250204,1.0054235348889518,1.0161807740619284,0.2887328585034462,0.400852101097849,0.3789121616120096,0.4008529536670945,0.3794114754277074,1.7858326122895871,1.781197462604921,1.781282748678542,1.7811974635282264,1.7812843093448665,0.6371047429331176,0.6327111724027011
16,0.8809702226118319,1.0619556385335138,0.2679829988186493,-971.6049589577904,0.871488222159714,1.1941504495371489,0.107839696884858,0.8809711779091278,2.3893937970115764,0.267992605855824,-971.6049589558476,0.8660578315421975,2.8073388436225906,0.0399462892114995,0.4265420771705811,0.4309324679120438,0.4448555214807724,1.1705550710123755,1.2405476322913438,0.2721707877655616,0.1580972966968717,0.0630746787159099,0.1581024236626809,0.0233605912263476,1.6807815046971433,1.6777137565571885,1.6796493071794354,1.6777137762626122,1.6813196512165032,0.6463979411054356,0.6798200193445957
17,0.8960298937798461,1.028099247881865,0.6587126159985414,-1015.945196125671,0.8950214429514342,1.0832405409488517,0.6018132177867969,0.8960299817486268,2.3132169021666744,0.658717323881485,-1015.9451961248852,0.8960198921390286,2.424947870375755,0.6079372857003946,0.4400583697273634,0.4421656072434767,0.4406004999677543,1.1574587177757152,1.1721500729428689,0.2982961330106345,0.3570992356548841,0.3226323012777943,0.35710171219816,0.3261199222030814,1.8446409673696311,1.843697549984359,1.8439043861800923,1.8436975500244417,1.843884361498016,0.663248642730643,0.6610141784926107
18,0.8207267997859377,1.3268860754034024,0.1525540565163238,-1003.578984820484,0.8195702367508969,1.379506748881827,0.0963960225584488,0.8207309538838584,2.985443364452986,0.1525746636978893,-1003.578984836088,0.818870508122566,3.122674367148606,0.0865417074953017,0.4294727603339451,0.4484779195582848,0.4552098837545172,1.1779830474797204,1.2007122044753085,0.2928931560495877,0.0846884806629753,0.053072307428843,0.0847003429544519,0.0476104622280175,1.8111348945511845,1.7969023747905022,1.7970973946025757,1.7969023990134678,1.7971483449311962,0.6727133639331582,0.68468539356825
19,0.8738216303735571,1.1540614634507151,0.133095671470551,-969.9212813447745,0.8679169187318475,1.2517104423315375,0.0194761099107043,0.8738238774169635,2.596571762997829,0.1331314382029501,-969.9212813562804,0.8682816598975187,2.819921623033407,0.0163800757023796,0.4481105388336163,0.4645882471880311,0.4785274987686301,1.2615293241082108,1.2990916682680262,0.2728223682277738,0.0790883863092179,0.0114813405109577,0.0791097946934987,0.0096626350345638,1.6868963329168083,1.680739312458541,1.6814817233235382,1.680739309466123,1.6815349751313815,0.696876682963885,0.71843260146872
20,0.9054869181592392,0.9967211413384413,0.5070360628606414,-992.828153378769,0.9053491346027904,1.0527044154603988,0.4480671665716729,0.9054867350537364,2.2426203219457874,0.5070351992782532,-992.8281533788444,0.9049816136997798,2.3643147905298334,0.4498279102852675,0.4313882280197735,0.4313528892099665,0.4304738693286405,1.197972305712132,1.2135631018013129,0.2845103300553687,0.2877572087137002,0.2515738973388222,0.2877570726945439,0.2527007697769191,1.7590722010453277,1.7589927356076005,1.7593521948875446,1.7589927341300808,1.7593173997639795,0.6470293333513688,0.6457345204849831
21,0.937281021985982,0.8555296132722595,0.6613444964225872,-988.3725126707784,0.9424279214435756,0.8802183962420272,0.6446508806227979,0.937280549392954,1.9249509899443176,0.6613377412374636,-988.3725126715864,0.9395158727792932,2.019592400627808,0.6223884343661409,0.4315487954606211,0.4407862710067068,0.4392883929506994,1.365590619494189,1.3766848449730178,0.2826639007859926,0.3783218133172258,0.3644493469225908,0.3783181051650975,0.3515593047588233,1.7465305280943757,1.7403361720902844,1.7409475641536871,1.740336165224788,1.7408508105234075,0.6611786166430436,0.6564858767243151
22,0.924535916815746,1.0995984636166694,0.6283964301676812,-1026.6249296880396,0.926297051019452,1.135767415542982,0.5985357824104468,0.924535620315118,2.474087477595668,0.6284008093924477,-1026.6249296878432,0.9262315739963842,2.5797160998364204,0.5835078966506607,0.4478848556491634,0.448280869591214,0.4474264885638084,1.4015107296960996,1.4138090561103622,0.3049383334112954,0.3334623531775944,0.3143255235596121,0.3334649244327058,0.3064055578844528,1.8853702825735512,1.8822865533147504,1.8824515421791248,1.8822865504757156,1.8825619356483057,0.6724215191733696,0.6708092271879927
23,0.9097314773801296,0.7527794209396149,0.5967763404956115,-956.0787043960208,0.9093183794102938,0.7972192321696172,0.5470759971813607,0.9097312892508416,1.6937554638276502,0.5967772942190541,-956.0787043961768,0.9095170527717344,1.8023644588993817,0.5433047752125231,0.4240517572832638,0.4286343716204925,0.4258997087245429,1.0896952001303437,1.104983110264358,0.2647801153248891,0.3647166668670647,0.3310032562443094,0.3647168236232507,0.3283346047911522,1.6374841846392405,1.635829542504859,1.63605037766226,1.6358295434261725,1.636094723369795,0.6429515782525508,0.6386068738850802
24,0.9167765090042564,0.914214696051596,0.6017668379795071,-990.2538744490472,0.9181028911915616,0.9483759281019064,0.5693572024593643,0.9167760120577804,2.056989150352928,0.6017640208089537,-990.2538744493754,0.918389811673932,2.1388900857504707,0.5669443909796488,0.4281465863862265,0.427983562982637,0.4276509664794865,1.25663913098215,1.2678699205647836,0.283563414986409,0.3436772226272501,0.3220747412975561,0.3436754540209625,0.320544532268582,1.7538075999005411,1.7523045295926882,1.7524004388175076,1.7523045350682809,1.7524225206729744,0.6419752635165906,0.6414730085096905
25,0.906310325604178,1.055375711620304,0.3282522205002384,-980.0454623826714,0.9020088977079036,1.1543582667243757,0.2184316235794829,0.9063110106855876,2.374593852281188,0.3282531296378991,-980.045462383133,0.9020153853948164,2.584799580463126,0.2264709362552589,0.4280489801370967,0.4301258486052683,0.4375164898895622,1.2593147490257008,1.2876492540722226,0.2773202708892331,0.1908906023808117,0.1254791397812711,0.1908911088485899,0.1300383967113826,1.7138180464860175,1.7117174074452,1.7127599634499744,1.7117174298048885,1.7126100215448414,0.645188694399607,0.6552860650467405
26,0.8495706600582543,1.1513754351799297,0.2145892153005212,-980.4067482514076,0.8346764486214252,1.3163250412825955,0.0096716658359817,0.8495709779128678,2.590596518629612,0.2145939957577176,-980.4067482500126,0.8343855176266893,2.9659655715243707,0.0079431455842124,0.4030314465947426,0.4226449278801705,0.4531814645572375,1.127436524269532,1.2020557833373648,0.2789869848034939,0.1249620291401612,0.0055838130400304,0.124964403472679,0.0045839573886714,1.7255943035273802,1.7188912281245117,1.7210891591265796,1.7188912284202291,1.721123585400696,0.6339666685832522,0.6802296795521507
27,0.8704911958395608,1.1847988187014684,0.504695908572729,-1023.1003048128396,0.8544601445091125,1.3908757012534645,0.2524495935567835,0.8704902790968725,2.66579109875978,0.5046980383916849,-1023.1003048122476,0.8602549428256541,2.990798501971062,0.329184681805349,0.4213505122608385,0.4218196636614774,0.4340254208358486,1.1570116219953508,1.2060225149253645,0.303035370336201,0.2698379177993439,0.1330832646066156,0.2698393448412043,0.173992462449531,1.8743030529179472,1.8719302845051304,1.8749277759118104,1.871930296800316,1.8734185621146615,0.6327294815073311,0.6426267532481914
28,0.8621817891915627,0.9550897430033416,0.4279133030931107,-971.6191244045856,0.8267990989996855,1.2685016290714333,0.0270540290736127,0.8621802507452359,2.1489642739925205,0.4279076537006492,-971.6191244051718,0.828700071370769,2.813678085100284,0.0501353343409676,0.4361188482860356,0.4368283257782777,0.4644832754660321,1.0124797362421678,1.135956307569831,0.2735833124550245,0.2535221465917461,0.0158183057429534,0.2535185474045388,0.0293172238272817,1.6920769221986804,1.6883306152970805,1.6967856124371945,1.6883306207246571,1.695897813335651,0.6552425329405225,0.692295446654774
29,0.8960316193481609,1.1275737839277646,0.4123911259518865,-1003.9471879089388,0.8955949064310352,1.1847474707238388,0.3496078580246896,0.8960324902039314,2.537041106070885,0.4123962970127711,-1003.947187910383,0.8901402377873452,2.813519336551852,0.2672950843850224,0.4310998633186053,0.4324478224051531,0.4350851215868311,1.2372535245432532,1.277067034070864,0.2908720790441754,0.2287784755471988,0.1923615596695745,0.2287807058453804,0.1467237012270174,1.7981547076464748,1.7974126594411832,1.7977832196570251,1.7974126711402916,1.7988018631028684,0.6486715337566192,0.6605153806370657
30,0.9060923540145058,0.8680691336160343,0.6382605399274571,-985.1506135167466,0.8974247571097591,1.0082947826632502,0.4702055287288052,0.9060925029030198,1.9531727392311735,0.6382474941492893,-985.1506135133748,0.8972738827271852,2.267773718951091,0.4710576461501626,0.4330615060428797,0.4338120878122761,0.4336097432233943,1.1483627928994613,1.1899689236293811,0.2800488538876081,0.3673304720589385,0.2660192200832391,0.3673232054061149,0.2664685092093301,1.7307303099542817,1.7291389985512302,1.731145487861886,1.729139037838189,1.731117659597513,0.6507175983240975,0.6503716682629465
31,0.9051944158765016,0.9354522854679624,0.6213558004875576,-995.7668486160424,0.904492011239532,0.9778877581129533,0.5812154296179505,0.9051944342549184,2.1047678063278856,0.6213569408848594,-995.7668486161843,0.9049601857225552,2.2064625140008833,0.5801198761740679,0.4091412173198129,0.4084004152127708,0.4080820592647477,1.1478238828507057,1.1609338847426522,0.2865975968035882,0.3509032980477824,0.3245877225474649,0.3509037240471592,0.3234589685420851,1.7726892210712533,1.77196005845075,1.7720688508174254,1.7719600589947428,1.7720838537181092,0.6126006395585067,0.6120942296124081
32,0.9242131764570346,0.8445676867955711,0.5974672913314653,-976.6974799329544,0.9254993000222492,0.8715468183017404,0.5746054754400208,0.924212909848766,1.9002792351032325,0.597463937946029,-976.6974799328532,0.926044135042382,1.9587780827747792,0.5758116235896263,0.4300797328223652,0.4324804139847947,0.4313633579809248,1.2453671229522876,1.2532252590154538,0.2762145238011921,0.3506243565222146,0.33397022763897,0.3506228068955386,0.3346599237109894,1.708455261875252,1.705482153415204,1.7055247341564683,1.7054821552615818,1.7055273820936123,0.6487204507479937,0.6470977265834045
33,0.9161651343346812,0.8773666466356912,0.6028020409357437,-983.2389744126896,0.918760305266139,0.898532242609081,0.5876953048743415,0.9161649854605496,1.974074564028648,0.6028039045045813,-983.2389744126272,0.9178983915699116,2.036314230817838,0.5793686326060563,0.418198375138252,0.4238469833639831,0.4226388446140517,1.2108130178059084,1.218741662107074,0.2794534851804973,0.348905455967203,0.3370022329519054,0.3489062594534215,0.3320895119369166,1.7280045926057748,1.7264953812388864,1.7265932489404727,1.7264953812453412,1.7266117503816811,0.6357706057706393,0.6332014848417071
34,0.8251077580814362,1.0002339667662663,0.443398629307251,-980.4268591792458,0.7928304228848645,1.242359635215626,0.1251039144980396,0.8251071959056906,2.2505177225679867,0.4433979182916922,-980.4268591785552,0.7900923865515062,2.833018256668883,0.1022447854239991,0.4530319401542267,0.4536356684994137,0.4841998748150433,0.9969296569657558,1.1178973935545298,0.2799165251461786,0.2581041783343581,0.0719204280834375,0.25810466269271,0.0587787536801551,1.7314295275456524,1.719167491609017,1.7238453398348954,1.7191674959478078,1.724492516528422,0.6804534476686818,0.7312738992671265
35,0.9300256667238752,0.9179449266165316,0.5033023875772944,-979.005627398206,0.9324359259603322,0.9468383195209374,0.4805320772878934,0.930025979307273,2.065371276786546,0.5033017983334148,-979.00562739888,0.9332217887564946,2.1137646863859416,0.4884862064871228,0.4296595616274869,0.4292901925826389,0.429436470143865,1.3678235200048308,1.3746095724440568,0.2777681236143714,0.2939610545527277,0.2776714691780808,0.2939612748944153,0.2825984008864541,1.7177943732394385,1.7124637686258894,1.7125619888044434,1.7124637650207146,1.7125445861705912,0.6439352891041807,0.6440480346715928
36,0.9303820258729704,0.8196620858460524,0.6339541142452776,-977.0902235557952,0.9322517224381648,0.8495094267641036,0.6075840709589988,0.930382706653886,1.8442247232944624,0.6339644346321355,-977.0902235538744,0.9327981555108672,1.901235562864216,0.6108975784222349,0.4332020110667586,0.4345104327379377,0.433800473648775,1.2963260145730693,1.304833220085904,0.2760474088199859,0.3710331058248539,0.3519440789900888,0.3710390106367135,0.3544487140071028,1.7060208245046289,1.7023639328671711,1.7026347124826653,1.702363935488847,1.702641473041998,0.6517661465683656,0.6508647441472623
37,0.9045179415200834,0.9366376884552816,0.6945407362932391,-1004.71429957818,0.9065987255996164,0.9676622335916844,0.6678180668556325,0.9045187666394124,2.107424365077496,0.6945495164166942,-1004.7142995785777,0.90649241677401,2.187031126765327,0.6628454737605539,0.4261457575064717,0.4309429557734122,0.4292560992990258,1.168588532163243,1.1794623902548298,0.2919474876199772,0.3853140157099436,0.3667180138434415,0.3853184819544017,0.3637305740494783,1.8057263507163364,1.8041425550277264,1.8042139852443564,1.8041425496733825,1.8042396638320333,0.6464151178055345,0.6435258647446683
38,0.8626486764808444,1.1501128453515164,0.3432037960802369,-997.6035780684216,0.8505898546066669,1.3023193068089105,0.1565423060644155,0.8626489802415306,2.5877462095784702,0.3432091398791618,-997.6035780680902,0.8433258776381914,3.0762180759044777,0.0709210862753249,0.418923804372123,0.4251523749155347,0.4430600222917738,1.1606794889025644,1.2467005718247173,0.2876833252026436,0.1926655255818796,0.087001719120622,0.192668468435182,0.0394427508254019,1.778263056440189,1.7732109897971973,1.7754761249548945,1.7732109873347397,1.7777774338582355,0.6377280423117871,0.6816608545957628
39,0.9201423827466808,1.0268525233781125,0.5652627500255709,-1006.5796575668492,0.9212151094784142,1.067522917117288,0.5262319097344759,0.9201430045807456,2.3104124668641153,0.5652671551589691,-1006.5796575665398,0.9217946002913444,2.3924296381638337,0.5316629219566947,0.4657912086634734,0.4660901818715603,0.4653229778715118,1.3418222638229875,1.3517881361408328,0.2930206331341632,0.3124328792367251,0.288062047539123,0.3124351490840292,0.2910721734872535,1.8122095443419457,1.80998792007563,1.8101298294673556,1.8099879141145503,1.810106611208042,0.6991354062630983,0.6980650268343074
40,0.903407136420082,1.1089042925393178,0.3376852952075888,-991.303815352796,0.8944345749887193,1.278253340042241,0.1346247295242854,0.9034075798952426,2.495020407302511,0.3376938937178447,-991.303815351676,0.8925409466130629,2.92995130813211,0.1033374550410751,0.4339618906943632,0.4358930443401436,0.4501181548231808,1.346073694996723,1.4077103476661466,0.2840335468127864,0.1922919565752842,0.0758822102024218,0.1922968486889021,0.0582869450820165,1.7561860014043509,1.7540780957180375,1.756398575159965,1.7540780948805812,1.7571191133815112,0.6538390982386455,0.680077807968252
41,0.8791536414386157,0.98822298168672,0.7413494394729193,-1016.9725218586271,0.8811448502430445,1.013881133533899,0.7228341184129438,0.8791540254897937,2.2235025782156974,0.7413470681977523,-1016.9725218587296,0.8814955251389422,2.275864819239841,0.7271379285639555,0.447415385875127,0.4508639696360844,0.4497387977617248,1.0439719713770643,1.0513725922649375,0.2997817760781354,0.4011793101017686,0.3872855044516652,0.4011782874842208,0.3894462109772138,1.8540992888192225,1.8488607505039616,1.848907937370471,1.8488607459803132,1.8489006047615797,0.6762957958688314,0.6747905808318786
42,0.8968680190215185,0.8942577297811891,0.9140955391036308,-1020.9427533762112,0.8980733225186776,0.9241484042952328,0.8885867421323173,0.8968680556957063,2.0120805549801646,0.9140932095845096,-1020.942753376166,0.8981318443963199,2.06923632275757,0.8915605879799285,0.4275258765776286,0.4430017964910518,0.4397850639571615,1.0611015383227569,1.0692192381658945,0.3027688231944098,0.4908431985886524,0.4723723385663286,0.4908423233126861,0.4747885452105831,1.872698448080952,1.8640065642589128,1.8640656279094787,1.86400656217065,1.8640476148470373,0.6645024543940324,0.6602694010326519
43,0.8844530376154113,1.1717524529275094,0.2778183014782444,-993.9937788026616,0.8776422350043916,1.295278496664487,0.1311974853916548,0.8844538096991467,2.636436119679753,0.277824544377542,-993.9937788021098,0.8761441714070651,2.946109206016456,0.1130226794062358,0.426925515856446,0.4344069912065403,0.4481348145684038,1.2721937793410698,1.3207854953414628,0.2859051009856805,0.1574593343927805,0.0736894537204687,0.1574626838196843,0.0634839290809618,1.768285269000543,1.7655850641256834,1.7666830270507023,1.7655850596654454,1.7669600870088014,0.6516098655714184,0.675364805427399
44,0.8910226778350002,0.9469042381531364,0.4136754735922714,-969.729891919764,0.8884512466865516,1.0180988315551986,0.3346597543635528,0.8910226872817367,2.130530491819089,0.4136778195215861,-969.729891919961,0.887353524525949,2.3080467433065266,0.323897916501697,0.3997914551389131,0.3998799049668761,0.4019470311586938,1.1290858887845003,1.155398387396848,0.2719378814588002,0.2460613039821446,0.1967397456819397,0.2460627328587248,0.1904618150744016,1.6818091656343073,1.681588599417693,1.682036342518244,1.6815886005857412,1.6821470674095766,0.5998198251682018,0.6035986484480628
45,0.8806201264725022,1.008092873687124,0.4946026792777714,-991.7214275201296,0.8787641149175316,1.0742774515682258,0.4224456132198801,0.8806189310339091,2.2682215889462296,0.4945961568528815,-991.7214275191878,0.8654357857295799,2.688277129286083,0.2638635990070657,0.4353006238219252,0.4349589862994764,0.4349518739335868,1.128842731390433,1.1914275066714513,0.2839900613418234,0.2811275455087593,0.2373413151224634,0.2811236720143087,0.1479377739323647,1.7556536703916177,1.7540027419744373,1.7544675446671494,1.7540027305201134,1.7572247570550277,0.652438329667516,0.6614241964697049
46,0.8877279570232345,1.1610607398226225,0.312115385192071,-996.70514110039,0.8868240110238954,1.2184706689381335,0.2511624909292648,0.887727987415995,2.612375736076174,0.3121169606084396,-996.7051410997328,0.8799077588943466,2.925577618305467,0.1443716059565305,0.4263994443269537,0.4298398799149389,0.4336344056599291,1.2497219563735795,1.297416591713709,0.2868650908795196,0.1756233117094384,0.1400772491327226,0.1756246674587823,0.0805297772664085,1.7731600116182955,1.770886866827037,1.7712269049018012,1.7708868638297095,1.7726069512842748,0.6447596394656935,0.6641650336083588
47,0.9076325698750226,0.9706616541837052,0.7038311922693058,-1012.0815783281728,0.9115859281140926,0.9926836819238672,0.6899412795814036,0.9076327226636772,2.183990098078454,0.703830335160073,-1012.081578328102,0.911129439987525,2.2392717946393828,0.6871164802580771,0.441858803001903,0.4465157391607879,0.4453705561917013,1.1902775067135667,1.1985296509474042,0.2962254885312317,0.3847724930620864,0.3733840312729071,0.3847719922601368,0.3717339509519964,1.8321507575290823,1.830811989574562,1.830875350671904,1.8308119863709265,1.8308733777622928,0.6697735290699062,0.6678582938106066
48,0.9319541213040954,0.7435032393595088,0.7491473688250557,-976.8591945390792,0.9338038894911322,0.7617985379905078,0.7393178805008083,0.931953845696376,1.6728792478071333,0.7491519740243414,-976.859194538411,0.9342129987884298,1.712568318060076,0.7402591502813918,0.4329935575934729,0.4464050328294882,0.4447113229882678,1.2045328280937295,1.2103568160138425,0.2768222282614864,0.4391904287848498,0.4288931294810038,0.4391926133879488,0.4293952666948894,1.711860153068837,1.704727039324504,1.704782676919885,1.7047270414949915,1.70479236018927,0.6696081024549819,0.6671744548685955
49,0.9223052412332094,0.9639301969326568,0.6384100960497804,-1004.4105961521112,0.9236325864766022,0.9969109189749608,0.6121640745817925,0.922304721147039,2.1688447015049395,0.6384106560901478,-1004.4105961527398,0.9237239826796682,2.242193154043797,0.6126480868651238,0.4488004941116713,0.4505467975309475,0.4496047953108403,1.318342644061722,1.3268229296103764,0.2917068208862292,0.3542699336290182,0.3359354793180458,0.3542700066969397,0.3362040792074294,1.803850053212968,1.8013917708626122,1.8014967068204917,1.8013917735803264,1.801496458158528,0.6758202022959566,0.6744245314651393
50,0.8374770364078045,1.0858584138437457,0.2816024956333155,-976.4542902672362,0.8205592963113102,1.2414229541030732,0.0841121944660029,0.8374781222074509,2.4431770571051383,0.2816080954985899,-976.454290268249,0.820105437278731,2.7963211942854853,0.0836198383798883,0.4472833776831135,0.4544355378917961,0.4745408746235945,1.0905874932922053,1.1586501127268365,0.2770430949369453,0.1652722370125083,0.0489312420784102,0.1652752448236903,0.0486077275016556,1.7135918955050755,1.705564364080996,1.7075501327302725,1.7055643587701474,1.7075604213372753,0.6816527618183337,0.7119180261303857
51,0.8871032486235777,1.2426219168631334,0.2440422963509773,-1002.3283333922976,0.8816818588129418,1.3550076446944657,0.1119877110108501,0.8871033180935101,2.795898669475147,0.2440443035976972,-1002.3283333924252,0.8828671080279125,3.018359366588952,0.1315679836272006,0.426251028280968,0.4362111135534547,0.4493004740616932,1.3029963176182726,1.3358011978015798,0.2906296959516692,0.1359071733547702,0.0618708770964821,0.1359081752872556,0.0726002629080146,1.796910901432747,1.792964276129624,1.793897574006441,1.7929642757667628,1.7936611585243407,0.6543164564616791,0.6706430712798417
52,0.9176827773124456,1.0786436574300458,0.5860858684737387,-1017.8104952474212,0.9181084021006548,1.1310155175682648,0.5344921162301046,0.9176830587301964,2.4269366642142343,0.5860937469399947,-1017.8104952476436,0.9187786526109268,2.532158905125915,0.5395681729633635,0.4522360410042517,0.452264546348274,0.4525211757735889,1.3085799979107096,1.3216190943657806,0.2987454120995867,0.3159667137905498,0.2850228787768031,0.3159708729201543,0.288070689901485,1.8459057465177875,1.8453639345114967,1.8457709097154071,1.8453639280074303,1.845766927485712,0.678396866064201,0.6786898786418045
53,0.9097727710508592,0.8054747652389708,0.7960135896767827,-992.8179459969753,0.9120058201796908,0.8294064561072241,0.7787408403974005,0.909772437873232,1.8123266289965787,0.7960145180599769,-992.8179459977614,0.9121893949054964,1.8595610899633643,0.7814494051175518,0.4222316258334622,0.4339396124237517,0.4318029553122283,1.0993811620471343,1.1067560415327662,0.2857209346677796,0.4522126503413523,0.4376562224075384,0.4522117350293441,0.4395557921761814,1.7672439560139506,1.7617793817587668,1.7618257772062806,1.7617793850570154,1.7618156859534368,0.6509092038642807,0.6481085499070534
54,0.9186957603002368,0.7453516223759261,0.740779479976375,-974.8343902152386,0.9215940729508664,0.7654814650012243,0.7278405882606755,0.918696452053162,1.6770333959601056,0.7407838970059876,-974.8343902155814,0.9221447373167404,1.7169890029522965,0.731583099459653,0.446925063541109,0.4623233930708911,0.460057357934825,1.072443224958155,1.0793081825870317,0.2749340435755104,0.4351182818233526,0.4229286697474659,0.435121009422949,0.4250218399601878,1.6989382580148484,1.693181645121158,1.6935030511601292,1.693181662626582,1.6935214500569686,0.693485771825068,0.6905753353240783
55,0.9080701314067572,1.0163073952801152,0.5377672086239,-1000.459099322896,0.9090299454864302,1.0508816545206,0.5104748239556806,0.908070559150658,2.2866835704604633,0.5377702165948293,-1000.4590993223998,0.909857242215116,2.3493305627554593,0.5193320638041747,0.433576332655071,0.4335651267303504,0.4340536515644753,1.2617663037939728,1.268806173100089,0.2878780015617877,0.2995614359124138,0.2811436657848151,0.2995634074016391,0.2860795443616724,1.777818701371105,1.778156431529182,1.7784942483758486,1.7781564501542726,1.7785028461689911,0.6503476649469931,0.6508864359702243
56,0.9036031241413957,1.1149839373453554,0.3933913382882618,-999.7208847138018,0.9037571429657804,1.177040506207691,0.3293044687242258,0.9036038784166724,2.508694758375721,0.39339790523697,-999.7208847116664,0.8975202521918281,2.8026660723005787,0.2411511364082433,0.4344151585379995,0.4381842614335048,0.4422972596550542,1.3374369576509306,1.3783739906299737,0.2890230945445248,0.2204715681814978,0.1825518149431769,0.2204758107094716,0.1335909946927163,1.7876513753079577,1.7860153972785942,1.786315579289169,1.7860153919873558,1.7875371922268084,0.6572758349244656,0.674415361905599
57,0.916842279543254,0.9657239744199936,0.7724504005639267,-1019.7384636412304,0.9186325264117304,1.0022256278533712,0.7398593228636625,0.916842102489222,2.1728782196982497,0.7724496707343603,-1019.7384636412348,0.9189140447342466,2.2497021363108245,0.7426401683256079,0.436664353952666,0.4336803148812029,0.4332632732661941,1.284969325844063,1.2957403799355522,0.3008906977845452,0.4157072962714193,0.3939119781352759,0.4157071538681048,0.3954934408386654,1.8607313073502043,1.8578614435639431,1.8580073772827397,1.8578614447243091,1.85799845201349,0.6505204626836409,0.6499236189052928
58,0.864261852429847,1.0490444561408416,0.6040168298044827,-1011.0512606755832,0.8595097886815962,1.1333272849118643,0.5079334271357246,0.8642614284061292,2.360318531330176,0.6040399771772338,-1011.051260668874,0.856027618489056,2.6184345087316605,0.4666792002564377,0.4247408233858727,0.4246622941199348,0.4253935105358732,1.0720765798144258,1.1114237921698262,0.2962803855827957,0.3307698271465586,0.2746792466755017,0.3307822712880084,0.2521877119037948,1.832505693762705,1.827403488393757,1.82780815085425,1.8274035081360849,1.8281908669885307,0.636993770756849,0.639936072283101
59,0.8866261888455075,0.9446009646370488,0.4198561652378724,-969.8605352199176,0.8792275715994156,1.0457968051870306,0.3007133391133603,0.8866263663881033,2.125344749399082,0.419855914108044,-969.8605352202987,0.8791744288284284,2.3518375668978524,0.3010786164974905,0.414935481804118,0.4159353665963844,0.4218766750114799,1.107590314981046,1.1433564322020289,0.2721105155021575,0.249717713363509,0.1767245213515762,0.2497182560097452,0.1769786004619258,1.682981588716068,1.6825778532677522,1.6834534790152356,1.6825778520120147,1.683447287698984,0.6239030095091611,0.6327719210204386
60,0.9222572644628084,0.772903863247734,0.8243580153108818,-991.155916131143,0.9250469042828566,0.7969011634914176,0.8022487927331466,0.9222573618472474,1.739028876096368,0.8243585461895713,-991.1559161312024,0.9247213600192832,1.7845901890371392,0.8066683966559763,0.4332847106354634,0.4498182081915648,0.4470968576176541,1.1798108420980002,1.1874376368757966,0.2849591679542292,0.4698248955324627,0.4531728980268033,0.4698258431166072,0.4560586187781442,1.7624161081778595,1.7553144108962542,1.7554141635029898,1.7553144111111472,1.7553784964685517,0.6747275716755463,0.671333657833963
61,0.9038070976630788,0.7229461031638859,0.9795116268540692,-997.5600937970236,0.9062164923924024,0.7411226317394373,0.9694451821728066,0.9038063819700756,1.626639566414367,0.9795066941334996,-997.5600937959958,0.9064658468275812,1.66823563881973,0.969667221970237,0.4215798587206819,0.4601263007400452,0.4569858477193995,0.9723222114034452,0.9792545708136244,0.2902179301227119,0.5510689427113991,0.5397505372605601,0.5510655083712465,0.5396361134286038,1.7952485732419483,1.7792435058173344,1.7792639013452731,1.7792435056447358,1.779269103997198,0.6901880438414114,0.6854251641899876
62,0.902513185117498,1.1719287794270925,0.5298068163896161,-1025.7617925469228,0.9002554061906968,1.2538705975064308,0.4379264942778381,0.9025133335356644,2.6368380067913213,0.5298075784595654,-1025.761792547003,0.9017626296474678,2.784119165052112,0.4617311354240886,0.4228841928646833,0.4230669326112293,0.4252986585591827,1.338328393066431,1.3561508196618204,0.3041657139524238,0.2817576464280279,0.2305416311725928,0.2817580863810535,0.2428913344447706,1.8810944328995247,1.880847811052432,1.8813708998599177,1.8808478099514572,1.8811583193846475,0.6346003928947038,0.6367902407967735
63,0.9026240587014228,0.9602451826722042,0.6457339395329978,-1003.0484408106096,0.9056691670619548,0.979657492466348,0.6378036606008791,0.9026252845032884,2.160542562497743,0.645744773380027,-1003.0484408087524,0.9054015933823948,2.2089086657040227,0.6349835261146398,0.4216525738443872,0.4218311772566525,0.4214709281096969,1.164366577303696,1.1708523365304635,0.2906590591385191,0.3592040689506291,0.3509078447804545,0.3592091536213194,0.3493345392427165,1.7973662731458804,1.7965351659369424,1.7966111095283008,1.796535164514418,1.7966122981942456,0.6327470237188373,0.6321451898528673
64,0.9243637576609024,1.3077635981389495,0.351510282750695,-1028.1193333421268,0.922218103856116,1.412309376998684,0.2356990295901715,0.9243640639872108,2.9424662225150526,0.35150937528573,-1028.1193333420215,0.9198808663213196,3.274372848773658,0.1829482375177692,0.4235748743287789,0.4228337553123366,0.429168180552835,1.5643546788890532,1.6026700161694234,0.3073276560049875,0.1861484583963169,0.1236251241202162,0.1861481469243095,0.0959092875460203,1.9007300512188232,1.889586656605445,1.8904350054903225,1.8895866503580516,1.8913490715998305,0.6342506607918679,0.6499604810819237
65,0.8919838172775663,1.0245455525391916,0.3178070383261316,-971.800570496722,0.8871681499628371,1.118335006335757,0.2094636213624966,0.8919830452356,2.3052434030117053,0.3177966416104049,-971.800570495237,0.8864860164375269,2.5290554860625423,0.2018230001374515,0.4167872962153956,0.4176752968615382,0.4236902861746612,1.2023427204048769,1.2358638892229408,0.2732481840154367,0.1882892397563931,0.1228183585418789,0.1882831672400469,0.1183541337978661,1.690016426258952,1.688752757334538,1.6894453176879658,1.688752757479309,1.689540237567243,0.6265134645813796,0.6363947530746851
66,0.8903837373994157,0.9919195273848967,0.723045192137931,-1016.5053708055656,0.8898613921994173,1.0351979458719816,0.6798815566051956,0.8903832982552066,2.2318331573179684,0.7230379929250804,-1016.5053708038222,0.8892923737895838,2.3377399311316447,0.6730853145001991,0.4354780506732248,0.4421363091267936,0.4392169435881238,1.1300346496813043,1.1430669124284174,0.2990910690941473,0.3916207981746425,0.364562450942552,0.3916165066521929,0.3611494027720109,1.849781864965603,1.8466917375725993,1.8468404197245076,1.8466917367740268,1.8468774549273956,0.6632036727929232,0.6583453928303508
67,0.8625652331786967,1.201709408906815,0.099754022998334,-974.1592848605236,0.8612618527364364,1.2523669126380084,0.0441127156922787,0.8625645761368084,2.703852789849174,0.0997484938799122,-974.1592848590876,0.8617387025468073,2.79438633860035,0.0587901221700129,0.4214207305184807,0.4412312802582266,0.4481581696877306,1.2371166791734176,1.2507498651410385,0.2754943200511588,0.0588088040385012,0.0258385474424442,0.0588056027800703,0.034412931441758,1.7040139227493316,1.6965583893141856,1.696716525390623,1.6965583902032455,1.6966418423640517,0.661847859324756,0.6694024520348008
68,0.871358730797762,1.1834148533998436,0.3346257667761307,-1002.8379464064684,0.850158760743866,1.4407613840082747,0.0151210389399311,0.871357625240077,2.662696355650092,0.3346169106476489,-1002.8379464076994,0.8495527193277539,3.2671565032024983,0.0007665785890165,0.4503455452595162,0.4572352365180361,0.4928726425495923,1.2552885917164145,1.3570480688702342,0.2910806173579654,0.1862922193686218,0.0083343098781752,0.1862873960532517,0.0004225355229969,1.8002830031889454,1.7970829232013692,1.8027260698246743,1.7970829273694997,1.8032251304834752,0.6858537229641929,0.742570574945567
69,0.8951000586463446,0.8398898217348463,0.7212732217720627,-989.068381540774,0.895566387058546,0.873802388226327,0.6873127977486747,0.8950995532277913,1.8897613514498235,0.7212616053266341,-989.0683815399132,0.8960626767635146,1.956954306488842,0.696111505384831,0.4176640146456177,0.4252927553684681,0.422599019450409,1.036079057492769,1.0451225228006296,0.2829497692290287,0.4120633816452174,0.3889583504197648,0.4120578437940211,0.393388651961393,1.7490971675585054,1.7441664769408176,1.7443861505168337,1.744166483894409,1.7443497235724317,0.637938069048356,0.6346021659427583
70,0.8834639291284893,0.9529619891917508,0.5343919850400887,-986.5622153650291,0.8848041554590844,0.9844649966666228,0.5056463610895963,0.8834641104499021,2.144165627739048,0.5343914278055953,-986.5622153650544,0.8846848156637139,2.2108845404253623,0.5100089458335818,0.454043538219252,0.4547287104999386,0.4541812857261097,1.0977991769954714,1.1066406923577932,0.2814564684917689,0.3073087779334518,0.2880240314740163,0.307308409685211,0.2902728759172642,1.7407268270259952,1.739349112627072,1.7394433661339843,1.7393491110296195,1.739420454005007,0.6820930430763685,0.6813383833929071
71,0.8611259751789996,1.1452904608313592,0.2555185534544197,-985.2185629118666,0.8532068470243644,1.2670097339505333,0.1069897771876384,0.8611251161900348,2.5768951983280477,0.2555250990559381,-985.2185629129252,0.854484260083147,2.8138800774992263,0.1292187968715339,0.4353340633268975,0.435497561278755,0.4452375931117409,1.123161507532506,1.1629881252019394,0.2813091028734935,0.1473424204170182,0.0611870056158271,0.1473461027980916,0.0738724418988286,1.7398089269178538,1.7348123469395482,1.7360591181929512,1.7348123562395488,1.7357211784474524,0.6532459950805496,0.6649904203634267
72,0.9015222807125582,1.033414859016332,0.5751807760610871,-1007.584560938055,0.9032807666515216,1.0713665973494906,0.5421726302043118,0.9015217509133332,2.325180935436944,0.5751856706014337,-1007.5845609385616,0.9031838493954388,2.405111336215459,0.5468124037668306,0.4076043223052872,0.408156780995382,0.4076632497223854,1.2196540774310336,1.2293714054253937,0.2930772007948196,0.316959172574468,0.2954721766226653,0.3169614222737619,0.297845768387868,1.812075970973914,1.8119568387518812,1.812140550854763,1.8119568330660636,1.8121091033471313,0.6122352846543521,0.6115398289109635
73,0.8770493417453429,1.1399860481567197,0.3319773943413193,-994.9943274344593,0.8710821794635993,1.243025130982122,0.2109606943142216,0.8770492167714642,2.5649644503806113,0.3319791601961388,-994.9943274347168,0.867035671100147,2.891130626099735,0.1565462067550622,0.4307425714566082,0.4365305407194733,0.446649759716216,1.2194934075539086,1.2721866309701897,0.2863445609989568,0.1876916007517521,0.1181258773881763,0.1876926834036369,0.0876385664172485,1.770785800921148,1.768323944987704,1.7692593646083272,1.7683239458392277,1.7702253583515837,0.6547956294033996,0.6787950041483568
74,0.8981094920743876,0.85325536278545,0.6898074138286088,-988.0554934217564,0.8990867426646078,0.8823665965905102,0.6649440647050043,0.8981096596069593,1.919820859404144,0.6898133051893706,-988.0554934200586,0.8996977385963816,1.9814914531506889,0.6667085009324112,0.4323134864244796,0.4424042586004336,0.4398988761890229,1.0742935368733728,1.082574013028749,0.2822074945536235,0.394956356199107,0.3768216303268393,0.3949590592884669,0.3779104408067028,1.7446414764789364,1.7411242168749197,1.7412888844420458,1.741124213346312,1.7413038966468986,0.6636069900472403,0.6600702960124424
75,0.8985627018717974,0.9996389796474248,0.6310696248307986,-1008.0225703405144,0.8971514228133461,1.0564178313053425,0.5705696106404323,0.8985622546110066,2.249193308018063,0.6310659617353946,-1008.0225703400928,0.8965654582020197,2.395631288791638,0.5590858054823729,0.444856019810453,0.4459047832811797,0.4449815489662999,1.1524008215829882,1.1719992551753975,0.2935885454222948,0.3476131564933514,0.3109383550348464,0.3476111711477034,0.3046373961656221,1.815553166474404,1.8148560061442096,1.8151083860807269,1.8148560074072777,1.815196421318575,0.6688570765789045,0.6674540531729495
76,0.9043384695870488,0.7623674966859696,0.7206867620305274,-974.3752681381204,0.9064815041919734,0.782114069236547,0.7088698491184028,0.9043390167795228,1.715330343319354,0.7206854090080766,-974.3752681378386,0.9066723690571638,1.762187851994269,0.7060284892776574,0.4248160948686934,0.4340900633463717,0.4325934352131879,1.0478875953262392,1.0550053295562265,0.2744435047278873,0.4233851721494894,0.411985148772621,0.4233840535787228,0.4105507784422861,1.6956829485833036,1.6900450789828032,1.6903202681069578,1.690045117489225,1.6903582780556772,0.6511348709443091,0.6486206067758022
77,0.9041215238667188,0.9674167247812976,0.6970234596638718,-1010.4425673241604,0.9053997017532348,1.0001227800262007,0.6661494977048733,0.904121572649075,2.176693921447231,0.69702165647495,-1010.4425673239864,0.9050516164352036,2.243977137190715,0.6706278233279321,0.4098318061434392,0.4131143989524006,0.411538095372189,1.1686296668937444,1.1773621542554862,0.2952842421473226,0.3822597572916933,0.362074157233741,0.3822583289296279,0.3644974640775061,1.8264880907089909,1.8249944880977405,1.8250656573369008,1.82499448440184,1.8250411135377504,0.6196714073252662,0.6175590206717354
78,0.8679777847636594,1.14606023487784,0.2945264822707674,-990.8258227006984,0.86395162159995,1.2196829074354931,0.2135119183612828,0.8679772827020698,2.578637679702683,0.2945243984911094,-990.8258227008791,0.8657612467882052,2.722443188470256,0.2264639975611941,0.440385474634075,0.4453442241152811,0.4513134621739879,1.1742155539626755,1.1955310407990296,0.2836543412045768,0.1675862596445972,0.1202497176805114,0.1675851525295003,0.127535060715731,1.7531849664482242,1.7490661713549285,1.7495330590794582,1.7490661615631766,1.7494611658951964,0.6680165055228374,0.675386785290837
79,0.9273430231553228,0.9514729505283948,0.5515972319876286,-991.6826498902988,0.9292669737603452,0.983400606187562,0.5240762192616557,0.9273432162997374,2.140805550721908,0.5516020762025877,-991.6826498903376,0.929601459537548,2.206200791881275,0.5268541117092072,0.4330095577510801,0.4322474807780445,0.4324520478779571,1.3540495288350125,1.3627065445302995,0.2845194074743215,0.3139479522866674,0.2953105661344859,0.3139508043511507,0.297052045272598,1.7592314093186645,1.7555151307840084,1.755656788916671,1.7555151302718528,1.7556521640911562,0.6483712153616007,0.6486247836866986
80,0.9443531257675882,0.8402902177353839,0.5272259807834341,-967.7744277059064,0.9465185776165522,0.8726133866894917,0.4975809071866677,0.9443531628620362,1.890643423808284,0.5272298064118432,-967.7744277059764,0.9460833356655568,1.953903895636503,0.5044293546583901,0.4202140444615891,0.4204180782210354,0.4194268056263037,1.428839266976797,1.4362671436601866,0.2728140584606579,0.3149416221168409,0.2942351837277865,0.3149443236891333,0.2981656711076958,1.6872333544928746,1.6741416088224752,1.674288871285384,1.6741416128313615,1.6742279289924196,0.6306273502266474,0.6293667169152273
81,0.8777328036784646,0.9527393333989664,0.4876358423175905,-980.0875974465592,0.839414727708076,1.311125981080878,0.034541449321763,0.8777326835172374,2.1436660108797345,0.487639297975679,-980.0875974455306,0.8752921224113956,2.26912970714052,0.4276523671026912,0.4426004759549911,0.4419202297726441,0.490553822578355,1.1100286728371187,1.12911655859498,0.2776798736167638,0.2838357429962775,0.0198198227863892,0.2838370000383115,0.2462425143955313,1.7172297585285397,1.71527347767772,1.7272931841511652,1.715273476839024,1.7155494791188122,0.6628802233386197,0.6674898254127147
82,0.8855311868645402,0.9359429341827896,0.5928325332773984,-990.825913125762,0.8854336582462335,0.970547328341573,0.5642686522910705,0.8855314953727027,2.1058673449466956,0.5928372534367489,-990.8259131255072,0.8851060778967572,2.191138587793035,0.5573840920117701,0.4315832255005699,0.4299230804588303,0.4301135540026136,1.106890147618862,1.118620988886603,0.2840260909789731,0.3380960779856209,0.3180739258410771,0.3380984300740989,0.3145300392396251,1.7567254061394215,1.7548228955125358,1.7548918303379282,1.7548228954607346,1.7549219796027682,0.6448846283336633,0.6452846915319579
83,0.8993698358678346,0.9954354660157771,0.712394060680366,-1016.6536248890288,0.8998086261777937,1.0381525773617537,0.6703399646215976,0.8993701810483505,2.2397303184102144,0.7123923152326695,-1016.6536248892536,0.900423481840916,2.323130292737205,0.6770016101341333,0.4335549129321572,0.4420173799676262,0.4386444519259345,1.1652721987829453,1.175607855185374,0.2987412385808738,0.3855302866811429,0.3590739876255193,0.3855295405776848,0.3628726719083415,1.8471931491929328,1.845459201014699,1.8456439878427329,1.8454592033158836,1.845618824017655,0.6630259210302227,0.6586465540622862
84,0.9274523826318368,0.831190245188534,0.5501390033784163,-967.7408686715388,0.930497512210878,0.8480861244443264,0.5421853669833016,0.9274524982928336,1.8701808819822068,0.5501389018545448,-967.7408686713338,0.9302704508658766,1.9184331570350397,0.5360748336904739,0.4390152615351891,0.4389588897526106,0.4388519042183386,1.2820192729537083,1.288832920297765,0.2709728241340188,0.3282434880637361,0.3201681172328169,0.3282430917085274,0.3164862901370552,1.6750376244048857,1.6720447874830109,1.672205426434358,1.6720447902785749,1.6722272177023203,0.6584383233448372,0.6581971784965722
85,0.8730974902678734,0.9749416373921808,0.4211884872217584,-975.3119452886424,0.8706087973092355,1.0365673661598365,0.355743602433963,0.8730980080631816,2.1936136175979413,0.4211962951980343,-975.3119452894072,0.8700408965808297,2.3383357731479495,0.351988611637034,0.4191314259168682,0.4196462418345182,0.4220874834015486,1.0893730299250686,1.111138042966043,0.275182969633013,0.2476041700429991,0.2066174461632902,0.2476081255598144,0.2044521537843835,1.7016472199171448,1.6995375345776262,1.699936603653894,1.6995375339586078,1.6999709006037085,0.6294691407061223,0.6333992535436095
86,0.9197799311732996,0.943541578346786,0.5564351639916317,-990.2375270017338,0.915946285144731,1.0421547326526264,0.4400003532435752,0.919779716929362,2.1229750590150283,0.5564341361491,-990.2375270018018,0.918628813788044,2.2628328054548845,0.4879359169439307,0.4273553528933374,0.426117928740734,0.4288207110858379,1.2717937545549904,1.2899157451425762,0.2833272100297314,0.3175322323286701,0.2482300158838069,0.3175311401686495,0.2755360329397814,1.7519319222598742,1.750357227787775,1.7512506209546,1.7503572269912755,1.7507138279412782,0.6391769046253695,0.6407042902369061
87,0.9016282536454554,0.9287025421843228,0.4027958216083403,-965.1046588802046,0.8965776747354812,1.0308567881593595,0.2846053675638557,0.9016275835549088,2.0895816286065663,0.4027923586715116,-965.1046588801036,0.8886329097021735,2.5026585912430144,0.1812926640580282,0.4293392137218612,0.4294885509491487,0.4340984478528906,1.1560182505567016,1.2200758256301616,0.2694196264603459,0.2418324935662027,0.168725179187458,0.2418308563199973,0.1073445604824888,1.6663234955773307,1.6660111683609922,1.667220637606123,1.6660111720515862,1.670026838930266,0.6442329180288195,0.6632354303352007
88,0.9235433538513202,0.7364929531946784,0.7892297183146924,-979.6922364341948,0.9248569954679632,0.7560715681648931,0.778364121461726,0.923543281731943,1.6571085295796928,0.7892286918282724,-979.6922364343252,0.9250805508182616,1.7025993945131996,0.7777729441769069,0.4300086294610393,0.4523903669075441,0.4499803279273771,1.1192052874128329,1.12489652422424,0.2783615198337187,0.4602634375138936,0.4490175769334586,0.4602631935436382,0.448542475927602,1.7215446813707718,1.7153955490454198,1.7154193396553747,1.7153955497089457,1.7154249775369144,0.6785854718108676,0.6748191501551839
89,0.933773632874613,0.8326918638096684,0.6529985385630338,-982.5113244103828,0.9367897746998656,0.8519910006033586,0.6410920422699985,0.9337734593920196,1.8735647183075232,0.6529950431808331,-982.5113244103812,0.9363372318004454,1.9299172494161387,0.632396561468763,0.4319351631486918,0.4399585866889355,0.4389885533643597,1.3477965505520844,1.355649675866547,0.2798405550365393,0.37871308015589,0.3681394002861672,0.3787106995827745,0.3632237700696999,1.7306192340592406,1.7245761782773186,1.7246436141374866,1.724576178086007,1.724667271968389,0.6599374452633913,0.6576688741189882
90,0.9180006675315732,1.095738094096146,0.4848602643895727,-1008.6619915492564,0.9113783127755374,1.2565726689901249,0.298199305570038,0.9179985820782832,2.4654387077014537,0.4848419638346076,-1008.6619915439268,0.9191743443310368,2.5736883871373535,0.4395382250419523,0.4125293585255667,0.4135460742014263,0.4227412790456726,1.3909348628222842,1.403546220913553,0.2936796035641481,0.2663886397038009,0.1614525859561253,0.2663788119107272,0.2388543984351974,1.8149524141992055,1.813242575084166,1.815283405261742,1.813242538113934,1.813569951823145,0.6203195504804786,0.6224250194408916
91,0.8917240377728227,1.1255397870269304,0.2213211947750096,-977.7906552765188,0.8810695146521811,1.2900949493746117,0.0200723222281249,0.8917238396870735,2.532458426281859,0.2213215807967858,-977.7906552758616,0.8802388137768732,2.912635657003002,0.0152398415929789,0.4085088212610261,0.4127201931842501,0.4320773620407723,1.241350744673867,1.3035496191685243,0.2769697501910513,0.1295948650118425,0.0116806555909556,0.1295953377410311,0.0088648877824036,1.7133354105213403,1.709476694006089,1.7115679212340644,1.7094766977520743,1.711663565760004,0.619080216264898,0.6490463072360335
92,0.889873684942475,0.8229102812474727,0.6288874154643727,-973.5980448502376,0.8918134528827008,0.8464371813501217,0.6129325557414922,0.8898730429498878,1.8515535123153375,0.6288804507546277,-973.5980448498448,0.8917937613118437,1.9079635827890475,0.6102844161691875,0.4427877342153465,0.4449760217003305,0.4441010215999955,1.0291534075409714,1.037268856614213,0.2742354979795352,0.3706652393310521,0.357213964007935,0.3706618392443622,0.3557245433550981,1.6955044625855034,1.6919214895053718,1.6920526526820536,1.6919214857654776,1.6920665675897557,0.6674636500879301,0.6660199972752581
93,0.9020922764500824,1.1091422659033046,0.4755142659844629,-1008.850026290666,0.9025480374072936,1.1534591463964912,0.4329683759976993,0.9020924475667468,2.4955731500383047,0.4755082465940847,-1008.8500262909344,0.903011444338998,2.5906034044213597,0.4365251605770729,0.4256682622600821,0.4260685115685765,0.4271765978238009,1.2871595830511064,1.2987901651965497,0.2937037776643826,0.2612710324339266,0.2355749625160865,0.261268234666331,0.2374124888283858,1.8157152396434335,1.8154802068831477,1.8156929374573676,1.8154802143201905,1.8156884594067864,0.6391028922057209,0.6406162568714979
94,0.9068139353572104,0.9695425847845084,0.4883431685477528,-985.3659622135472,0.9072116483495354,1.0175099190564505,0.4393970713812513,0.9068136593520578,2.18146975491257,0.4883441601383185,-985.3659622134368,0.904422746797636,2.347231992482898,0.4058319682381873,0.4177845212498819,0.4178161034348197,0.4187144218350802,1.2234574628274153,1.245740076482445,0.2802614299547367,0.2812780817024265,0.2504620142961223,0.2812786264403408,0.2311774211095363,1.732717894896575,1.7325954369550165,1.732907096281244,1.7325954329979747,1.7332280181528803,0.6267241422458973,0.6296892398831158
95,0.9041417722811632,0.9233210442487282,0.5285164517653369,-981.5499049325342,0.9024391503544524,0.9792886484505274,0.4671234434571908,0.9041410765101814,2.07746853180036,0.5285164354705082,-981.5499049340208,0.9026000563688252,2.209357619586169,0.4634622017292293,0.4383894206873654,0.4384563626742845,0.4385063312660039,1.164824270724522,1.183080162173236,0.278428577990792,0.3070481161902509,0.2686522660668369,0.3070485757142267,0.2665202909840647,1.7220414771043138,1.7218617774309075,1.7221592991774508,1.7218617848183164,1.722198288874252,0.6576845780934718,0.6578288751596558
96,0.9107210613287782,0.888890506545137,0.5967423879572933,-984.2597068453574,0.9134545929303352,0.9058632542624308,0.5875499491021398,0.9107216073542708,2.000037489343846,0.596723466188865,-984.259706845643,0.9124577482209564,2.055991586423126,0.5775108205440315,0.4322488795498662,0.435944696280086,0.4351544350673582,1.1415101874002922,1.1488660944749585,0.280079049476432,0.3448522301365215,0.3364389932365559,0.3448405798033957,0.3304956790586079,1.7321822463875451,1.731242522349849,1.7312721963482842,1.731242503098449,1.7312936914024937,0.6539153866709717,0.6520219503044079
97,0.9008952330780928,0.8594274570973559,0.7032428944168406,-991.1319469602596,0.901456227475697,0.8910412321067128,0.6725089906384674,0.9008957903922432,1.9337102221507765,0.7032454832142866,-991.1319469601958,0.9013203857707744,2.008205233401098,0.6705077399605706,0.4273715384829882,0.4316845094297978,0.4298520388609924,1.1017708160665602,1.1117110710493898,0.2834827516948354,0.3994802023268257,0.3785896147898594,0.3994813058739213,0.3774262106500886,1.7514909594164512,1.7474560396838228,1.7477645773733688,1.7474560636774004,1.747775312443064,0.6475269449630423,0.6446407076543225
98,0.9241307828430068,1.1043246265829172,0.6892828094788187,-1034.0593147305876,0.9251805992631672,1.153833312975087,0.6402634746274766,0.9241302478879148,2.4847416007018306,0.6892758769023355,-1034.0593147309492,0.9256587839268864,2.5874800916771914,0.6448181049511192,0.4336567029750319,0.4357141789819468,0.4336530124660155,1.3897492406916363,1.4018004374976651,0.3097603994957827,0.3606657917636087,0.3316153829781552,0.360662163595229,0.3340712479437843,1.9159265416463336,1.9126741858021183,1.912819475611104,1.9126741897717796,1.912801872378242,0.6535708400584371,0.6506598403514148
99,0.9060036286052892,0.8528636593374307,0.6200459533687849,-979.8135746631344,0.9067699452232244,0.8823799209269582,0.5944405133170289,0.9060036783144916,1.918946682698439,0.6200420943209837,-979.813574662814,0.9069789593920744,1.9852315093308068,0.5946148321921779,0.4379083180353679,0.440558473896388,0.4393004527940217,1.1161972743290756,1.1250640253288129,0.277654364453801,0.3614473940945619,0.3430202944549638,0.3614454242461805,0.3430833970666895,1.7171177296517728,1.7157029001160748,1.7157827817640523,1.71570289831046,1.7157855773723794,0.6608374819889796,0.6589475509602263
100,0.9022702839848822,1.034171993303431,0.43613562572487624,-990.419446141535,0.900704744173605,1.1030079193551374,0.35933622139576377,0.9022704788126023,2.3268824929382736,0.436138525067091,-990.4194461418424,0.8968153758194065,2.5813827135040968,0.3050188880215204,0.4145652484862882,0.41520270842411255,0.41803889198833316,1.2331153629523723,1.2683819661992797,0.28297430661652495,0.2485381104260854,0.20276816776531958,0.24853974383460115,0.17170454832144505,1.7490655146357406,1.748828194171209,1.749396459194255,1.7488281941719792,1.750159872234966,0.6228039682739154,0.631809578922858
101,0.8813161038885898,1.3529333030790465,0.021043135576113155,-991.5607584928614,0.885353337115497,1.3613927973925617,0.02301947067815268,0.8813162175160413,3.0441791177718343,0.02103802658624514,-991.5607584886628,0.8862130300852105,3.0525788818257023,0.027120802160845132,0.42484723832092597,0.4488514538284629,0.44862850242380703,1.3720495329414466,1.3703806672609817,0.286156736355698,0.011979038261705127,0.013008564900968573,0.011975857175437032,0.015342490387566023,1.7694533062058226,1.7554882507808502,1.7555452271014405,1.7554882504642169,1.7555662287096943,0.6732782206215461,0.6721869904303999
102,0.8843978077147729,1.140485602254841,0.4505853438852679,-1010.2151536494789,0.8627262709523388,1.4234896321917219,0.10192912723549216,0.8843980040292778,2.56609449393223,0.450585694139891,-1010.2151536494353,0.8767359998923406,2.851063963452134,0.30117668224327404,0.437906284786765,0.440431893462575,0.47247678547731226,1.2467684535592782,1.2886514097750976,0.29505331168329213,0.24722798936970702,0.05518695156317438,0.2472279867907922,0.1633206327928291,1.8249332874004895,1.8241428855475976,1.830923663875424,1.824142883030472,1.8254781148026877,0.6606478436736924,0.6756737270576343
103,0.9118445134431669,0.9056257155503018,0.7425579612859547,-1005.3621514825631,0.9122683768079897,0.9447224428313704,0.7043954257454904,0.911844511910433,2.0376572958130583,0.7425605202218538,-1005.3621514823963,0.9118348374451973,2.1335573535417054,0.6993126340350988,0.4380083744565275,0.4476985761552118,0.44466549956621754,1.2227261124914504,1.233879804813273,0.2922361132616086,0.4111624770145886,0.3860403474386754,0.41116347832039,0.3832611502727708,1.8071737415936606,1.804892863804452,1.805031812541538,1.8048928639913535,1.8050517524424519,0.6715480646652693,0.6665058353871157
104,0.8802922043655753,1.0924769758644925,0.3512975068322138,-988.931610670499,0.8762336323147588,1.1693568496623756,0.26522182454565835,0.8802920409487653,2.458075772695145,0.35129342529134705,-988.931610670097,0.8778894049061775,2.6057090296536973,0.2801926980888904,0.42446587420583637,0.42435905469179047,0.4280776249718586,1.2115293351675727,1.231857318208277,0.2825940756289912,0.20091527803247694,0.15014560991979184,0.20091321180623078,0.15861778122352208,1.7472827128143582,1.7455379743504043,1.7460296212348119,1.7455379751361257,1.7459048261510648,0.6365387286670159,0.6409426485052889
105,0.8840366607429475,1.046901281109183,0.34310946973636586,-979.3538047678462,0.8763471070973973,1.1706264857825603,0.1915271381248597,0.8840366491042453,2.3555133275637448,0.3431181191417383,-979.3538047672808,0.8812704883500627,2.5240287692647136,0.25651859907550556,0.40730279522030366,0.4090650071055358,0.4194162257101806,1.1954709097264307,1.2208483731542623,0.27706953006836843,0.19995685922521034,0.11067146959011816,0.19996195024104327,0.148172328894082,1.7129056031937564,1.7115150225827471,1.7129830872994078,1.7115150131938637,1.7120810206670252,0.6135969729450459,0.6211239791307313
